product_id,product_name,category,price,brand
1,Product_1,Sports,2478,BrandA
2,Product_2,Sports,2557,BrandB
3,Product_3,Clothing,78,BrandB
4,Product_4,Electronics,956,BrandA
5,Product_5,Sports,3154,BrandA
6,Product_6,Sports,4049,BrandA
7,Product_7,Grocery,3044,BrandA
8,Product_8,Sports,2556,BrandC
9,Product_9,Sports,4715,BrandC
10,Product_10,Grocery,3659,BrandA
11,Product_11,Clothing,3603,BrandC
12,Product_12,Sports,1503,BrandB
13,Product_13,Grocery,4883,BrandC
14,Product_14,Electronics,3406,BrandC
15,Product_15,Clothing,565,BrandA
16,Product_16,Electronics,88,BrandC
17,Product_17,Electronics,3392,BrandC
18,Product_18,Grocery,936,BrandC
19,Product_19,Sports,2894,BrandC
20,Product_20,Grocery,2254,BrandB
21,Product_21,Grocery,1148,BrandA
22,Product_22,Grocery,1873,BrandA
23,Product_23,Grocery,3251,BrandB
24,Product_24,Clothing,3205,BrandC
25,Product_25,Sports,3143,BrandB
26,Product_26,Electronics,3580,BrandC
27,Product_27,Electronics,3828,BrandB
28,Product_28,Sports,2946,BrandA
29,Product_29,Electronics,3503,BrandA
30,Product_30,Sports,3561,BrandA
31,Product_31,Electronics,1038,BrandC
32,Product_32,Grocery,4166,BrandC
33,Product_33,Electronics,4076,BrandB
34,Product_34,Sports,4229,BrandB
35,Product_35,Sports,1732,BrandA
36,Product_36,Sports,4715,BrandC
37,Product_37,Sports,4013,BrandB
38,Product_38,Sports,983,BrandC
39,Product_39,Clothing,3648,BrandC
40,Product_40,Clothing,3283,BrandA
41,Product_41,Electronics,2030,BrandA
42,Product_42,Sports,1905,BrandC
43,Product_43,Electronics,3106,BrandC
44,Product_44,Sports,842,BrandC
45,Product_45,Sports,841,BrandC
46,Product_46,Clothing,1859,BrandA
47,Product_47,Clothing,2305,BrandB
48,Product_48,Grocery,3660,BrandA
49,Product_49,Clothing,1657,BrandB
50,Product_50,Grocery,1034,BrandC
51,Product_51,Grocery,3726,BrandB
52,Product_52,Grocery,3430,BrandA
53,Product_53,Grocery,569,BrandA
54,Product_54,Grocery,640,BrandC
55,Product_55,Electronics,1100,BrandA
56,Product_56,Clothing,3683,BrandC
57,Product_57,Grocery,4494,BrandA
58,Product_58,Sports,1009,BrandA
59,Product_59,Clothing,742,BrandC
60,Product_60,Clothing,3949,BrandB
61,Product_61,Grocery,4523,BrandA
62,Product_62,Electronics,2996,BrandB
63,Product_63,Grocery,576,BrandA
64,Product_64,Electronics,3274,BrandA
65,Product_65,Sports,2303,BrandA
66,Product_66,Clothing,3394,BrandA
67,Product_67,Sports,4015,BrandB
68,Product_68,Electronics,1925,BrandB
69,Product_69,Electronics,1813,BrandA
70,Product_70,Sports,570,BrandA
71,Product_71,Electronics,1066,BrandB
72,Product_72,Sports,166,BrandC
73,Product_73,Clothing,2483,BrandC
74,Product_74,Sports,633,BrandB
75,Product_75,Clothing,444,BrandA
76,Product_76,Sports,3838,BrandA
77,Product_77,Electronics,2818,BrandC
78,Product_78,Sports,4217,BrandC
79,Product_79,Electronics,3910,BrandB
80,Product_80,Sports,323,BrandC
81,Product_81,Sports,2063,BrandB
82,Product_82,Grocery,4483,BrandC
83,Product_83,Electronics,1439,BrandC
84,Product_84,Grocery,3616,BrandC
85,Product_85,Electronics,4752,BrandA
86,Product_86,Grocery,215,BrandA
87,Product_87,Clothing,1617,BrandA
88,Product_88,Sports,778,BrandC
89,Product_89,Electronics,2093,BrandB
90,Product_90,Electronics,4247,BrandB
91,Product_91,Sports,3546,BrandB
92,Product_92,Electronics,828,BrandB
93,Product_93,Electronics,263,BrandA
94,Product_94,Grocery,3812,BrandA
95,Product_95,Electronics,1626,BrandC
96,Product_96,Clothing,2498,BrandC
97,Product_97,Clothing,2986,BrandB
98,Product_98,Sports,3167,BrandA
99,Product_99,Electronics,641,BrandB
100,Product_100,Sports,2770,BrandC
101,Product_101,Clothing,763,BrandC
102,Product_102,Electronics,985,BrandB
103,Product_103,Electronics,4387,BrandC
104,Product_104,Sports,51,BrandB
105,Product_105,Clothing,2898,BrandA
106,Product_106,Electronics,4094,BrandB
107,Product_107,Sports,1999,BrandA
108,Product_108,Clothing,967,BrandA
109,Product_109,Sports,3224,BrandC
110,Product_110,Grocery,2291,BrandC
111,Product_111,Electronics,139,BrandC
112,Product_112,Grocery,1759,BrandB
113,Product_113,Clothing,2219,BrandB
114,Product_114,Grocery,4288,BrandC
115,Product_115,Grocery,3091,BrandB
116,Product_116,Clothing,155,BrandC
117,Product_117,Sports,936,BrandB
118,Product_118,Grocery,477,BrandA
119,Product_119,Sports,1945,BrandA
120,Product_120,Grocery,366,BrandC
121,Product_121,Sports,684,BrandB
122,Product_122,Clothing,1975,BrandB
123,Product_123,Grocery,2106,BrandA
124,Product_124,Clothing,3194,BrandA
125,Product_125,Grocery,2320,BrandC
126,Product_126,Clothing,1489,BrandA
127,Product_127,Clothing,602,BrandC
128,Product_128,Grocery,765,BrandA
129,Product_129,Grocery,3961,BrandA
130,Product_130,Grocery,1763,BrandB
131,Product_131,Electronics,3439,BrandA
132,Product_132,Sports,1157,BrandA
133,Product_133,Electronics,4256,BrandC
134,Product_134,Electronics,300,BrandA
135,Product_135,Clothing,2480,BrandC
136,Product_136,Grocery,2104,BrandA
137,Product_137,Sports,508,BrandA
138,Product_138,Clothing,257,BrandC
139,Product_139,Electronics,949,BrandB
140,Product_140,Grocery,3511,BrandC
141,Product_141,Clothing,3435,BrandC
142,Product_142,Grocery,71,BrandC
143,Product_143,Clothing,459,BrandB
144,Product_144,Grocery,944,BrandA
145,Product_145,Electronics,564,BrandC
146,Product_146,Sports,4954,BrandC
147,Product_147,Electronics,4159,BrandB
148,Product_148,Sports,2184,BrandC
149,Product_149,Grocery,3645,BrandA
150,Product_150,Clothing,3006,BrandB
151,Product_151,Electronics,1610,BrandA
152,Product_152,Sports,1316,BrandA
153,Product_153,Electronics,2219,BrandB
154,Product_154,Sports,3688,BrandC
155,Product_155,Electronics,799,BrandA
156,Product_156,Sports,3477,BrandA
157,Product_157,Sports,4830,BrandA
158,Product_158,Grocery,1977,BrandA
159,Product_159,Sports,3854,BrandB
160,Product_160,Grocery,3752,BrandB
161,Product_161,Sports,2406,BrandA
162,Product_162,Clothing,4840,BrandC
163,Product_163,Clothing,2385,BrandA
164,Product_164,Clothing,356,BrandC
165,Product_165,Sports,3715,BrandA
166,Product_166,Grocery,2039,BrandC
167,Product_167,Grocery,711,BrandA
168,Product_168,Sports,4694,BrandC
169,Product_169,Clothing,361,BrandA
170,Product_170,Clothing,2970,BrandA
171,Product_171,Grocery,1132,BrandC
172,Product_172,Clothing,3021,BrandB
173,Product_173,Electronics,804,BrandC
174,Product_174,Grocery,4180,BrandB
175,Product_175,Clothing,4590,BrandA
176,Product_176,Grocery,402,BrandC
177,Product_177,Electronics,952,BrandC
178,Product_178,Grocery,3938,BrandC
179,Product_179,Grocery,208,BrandB
180,Product_180,Grocery,2027,BrandB
181,Product_181,Grocery,1006,BrandA
182,Product_182,Electronics,2121,BrandB
183,Product_183,Sports,453,BrandB
184,Product_184,Grocery,4661,BrandA
185,Product_185,Grocery,2829,BrandC
186,Product_186,Clothing,1437,BrandC
187,Product_187,Grocery,3503,BrandA
188,Product_188,Clothing,1005,BrandC
189,Product_189,Sports,1762,BrandB
190,Product_190,Electronics,4753,BrandA
191,Product_191,Electronics,1323,BrandA
192,Product_192,Sports,3861,BrandA
193,Product_193,Electronics,2675,BrandC
194,Product_194,Sports,2432,BrandA
195,Product_195,Sports,1491,BrandA
196,Product_196,Sports,3029,BrandA
197,Product_197,Electronics,1847,BrandC
198,Product_198,Clothing,4440,BrandB
199,Product_199,Sports,4059,BrandA
200,Product_200,Grocery,4900,BrandB
201,Product_201,Electronics,1444,BrandC
202,Product_202,Sports,4331,BrandC
203,Product_203,Sports,1319,BrandC
204,Product_204,Grocery,4782,BrandC
205,Product_205,Clothing,3764,BrandB
206,Product_206,Clothing,579,BrandA
207,Product_207,Clothing,3673,BrandC
208,Product_208,Sports,3008,BrandC
209,Product_209,Sports,2964,BrandB
210,Product_210,Sports,4939,BrandB
211,Product_211,Electronics,3641,BrandC
212,Product_212,Grocery,2197,BrandA
213,Product_213,Sports,4623,BrandA
214,Product_214,Grocery,3419,BrandC
215,Product_215,Grocery,989,BrandB
216,Product_216,Clothing,575,BrandC
217,Product_217,Electronics,51,BrandC
218,Product_218,Sports,424,BrandB
219,Product_219,Clothing,2390,BrandC
220,Product_220,Clothing,4055,BrandC
221,Product_221,Sports,3102,BrandC
222,Product_222,Grocery,4698,BrandB
223,Product_223,Clothing,2415,BrandA
224,Product_224,Grocery,1575,BrandA
225,Product_225,Electronics,4526,BrandB
226,Product_226,Grocery,1696,BrandA
227,Product_227,Electronics,63,BrandC
228,Product_228,Grocery,4649,BrandA
229,Product_229,Clothing,2328,BrandC
230,Product_230,Clothing,3205,BrandA
231,Product_231,Electronics,179,BrandB
232,Product_232,Sports,3864,BrandA
233,Product_233,Electronics,4983,BrandA
234,Product_234,Electronics,3266,BrandA
235,Product_235,Grocery,2988,BrandB
236,Product_236,Grocery,3978,BrandA
237,Product_237,Electronics,2090,BrandB
238,Product_238,Clothing,77,BrandC
239,Product_239,Grocery,2163,BrandA
240,Product_240,Sports,1302,BrandB
241,Product_241,Grocery,4406,BrandB
242,Product_242,Grocery,2096,BrandA
243,Product_243,Sports,4605,BrandC
244,Product_244,Electronics,4073,BrandB
245,Product_245,Sports,4446,BrandA
246,Product_246,Electronics,3424,BrandC
247,Product_247,Electronics,3516,BrandB
248,Product_248,Electronics,3131,BrandB
249,Product_249,Sports,3828,BrandC
250,Product_250,Electronics,679,BrandC
251,Product_251,Clothing,319,BrandA
252,Product_252,Sports,2689,BrandA
253,Product_253,Clothing,2043,BrandB
254,Product_254,Electronics,2941,BrandC
255,Product_255,Grocery,3482,BrandC
256,Product_256,Electronics,1330,BrandC
257,Product_257,Clothing,2410,BrandB
258,Product_258,Clothing,625,BrandC
259,Product_259,Sports,1357,BrandC
260,Product_260,Grocery,3242,BrandB
261,Product_261,Sports,3228,BrandA
262,Product_262,Clothing,2784,BrandA
263,Product_263,Electronics,2262,BrandB
264,Product_264,Grocery,2402,BrandC
265,Product_265,Electronics,3618,BrandB
266,Product_266,Electronics,1705,BrandA
267,Product_267,Grocery,1629,BrandA
268,Product_268,Sports,2253,BrandB
269,Product_269,Electronics,1440,BrandB
270,Product_270,Clothing,1792,BrandA
271,Product_271,Electronics,1975,BrandB
272,Product_272,Grocery,669,BrandA
273,Product_273,Grocery,1324,BrandB
274,Product_274,Grocery,1006,BrandB
275,Product_275,Sports,1989,BrandB
276,Product_276,Electronics,4003,BrandA
277,Product_277,Sports,2431,BrandB
278,Product_278,Sports,1018,BrandA
279,Product_279,Grocery,1366,BrandA
280,Product_280,Grocery,1093,BrandB
281,Product_281,Sports,331,BrandB
282,Product_282,Electronics,2894,BrandA
283,Product_283,Clothing,1108,BrandA
284,Product_284,Sports,4343,BrandC
285,Product_285,Electronics,2582,BrandA
286,Product_286,Grocery,3878,BrandC
287,Product_287,Grocery,1058,BrandC
288,Product_288,Electronics,1279,BrandC
289,Product_289,Clothing,1085,BrandB
290,Product_290,Grocery,4635,BrandB
291,Product_291,Grocery,325,BrandA
292,Product_292,Grocery,2790,BrandC
293,Product_293,Electronics,2339,BrandB
294,Product_294,Sports,1289,BrandB
295,Product_295,Grocery,175,BrandB
296,Product_296,Sports,4115,BrandB
297,Product_297,Clothing,4362,BrandB
298,Product_298,Grocery,3918,BrandC
299,Product_299,Grocery,1258,BrandC
300,Product_300,Clothing,3299,BrandC
301,Product_301,Grocery,968,BrandC
302,Product_302,Sports,3973,BrandA
303,Product_303,Electronics,4453,BrandC
304,Product_304,Sports,2019,BrandB
305,Product_305,Electronics,2843,BrandC
306,Product_306,Electronics,941,BrandA
307,Product_307,Sports,4520,BrandB
308,Product_308,Sports,2083,BrandC
309,Product_309,Sports,1414,BrandC
310,Product_310,Sports,178,BrandC
311,Product_311,Clothing,1064,BrandB
312,Product_312,Grocery,1849,BrandB
313,Product_313,Electronics,4662,BrandA
314,Product_314,Sports,1568,BrandB
315,Product_315,Sports,4231,BrandB
316,Product_316,Sports,1248,BrandC
317,Product_317,Clothing,3923,BrandB
318,Product_318,Sports,2524,BrandC
319,Product_319,Sports,3535,BrandC
320,Product_320,Sports,4099,BrandB
321,Product_321,Grocery,3769,BrandA
322,Product_322,Clothing,352,BrandA
323,Product_323,Sports,4002,BrandB
324,Product_324,Electronics,4733,BrandA
325,Product_325,Electronics,1036,BrandC
326,Product_326,Electronics,1913,BrandC
327,Product_327,Clothing,4490,BrandB
328,Product_328,Clothing,4959,BrandA
329,Product_329,Electronics,3122,BrandA
330,Product_330,Sports,3174,BrandC
331,Product_331,Clothing,1377,BrandB
332,Product_332,Electronics,2458,BrandA
333,Product_333,Electronics,3723,BrandB
334,Product_334,Sports,3341,BrandA
335,Product_335,Grocery,4083,BrandC
336,Product_336,Clothing,753,BrandC
337,Product_337,Sports,624,BrandB
338,Product_338,Electronics,3282,BrandC
339,Product_339,Electronics,4833,BrandA
340,Product_340,Sports,2682,BrandC
341,Product_341,Clothing,3878,BrandB
342,Product_342,Grocery,3280,BrandB
343,Product_343,Grocery,538,BrandB
344,Product_344,Electronics,1397,BrandA
345,Product_345,Clothing,3731,BrandA
346,Product_346,Grocery,3223,BrandA
347,Product_347,Clothing,4639,BrandA
348,Product_348,Clothing,1717,BrandA
349,Product_349,Electronics,1687,BrandC
350,Product_350,Grocery,4164,BrandA
351,Product_351,Sports,3603,BrandA
352,Product_352,Electronics,1050,BrandC
353,Product_353,Grocery,900,BrandA
354,Product_354,Grocery,1438,BrandB
355,Product_355,Grocery,3762,BrandA
356,Product_356,Grocery,1417,BrandA
357,Product_357,Grocery,871,BrandB
358,Product_358,Clothing,504,BrandB
359,Product_359,Electronics,1674,BrandB
360,Product_360,Clothing,2822,BrandB
361,Product_361,Sports,3776,BrandA
362,Product_362,Grocery,3197,BrandB
363,Product_363,Electronics,4139,BrandB
364,Product_364,Grocery,4856,BrandC
365,Product_365,Electronics,2240,BrandB
366,Product_366,Clothing,966,BrandB
367,Product_367,Electronics,4036,BrandC
368,Product_368,Sports,2925,BrandC
369,Product_369,Sports,1490,BrandA
370,Product_370,Electronics,4450,BrandC
371,Product_371,Electronics,785,BrandA
372,Product_372,Electronics,3618,BrandC
373,Product_373,Electronics,3388,BrandC
374,Product_374,Sports,3065,BrandA
375,Product_375,Grocery,2939,BrandC
376,Product_376,Electronics,1011,BrandA
377,Product_377,Electronics,3039,BrandC
378,Product_378,Sports,3898,BrandB
379,Product_379,Sports,1076,BrandC
380,Product_380,Clothing,3915,BrandA
381,Product_381,Electronics,2913,BrandC
382,Product_382,Clothing,2551,BrandA
383,Product_383,Sports,1997,BrandA
384,Product_384,Sports,1227,BrandB
385,Product_385,Grocery,4810,BrandB
386,Product_386,Electronics,61,BrandA
387,Product_387,Clothing,4449,BrandC
388,Product_388,Sports,3414,BrandA
389,Product_389,Sports,3072,BrandA
390,Product_390,Clothing,3421,BrandC
391,Product_391,Grocery,2880,BrandC
392,Product_392,Sports,92,BrandC
393,Product_393,Electronics,993,BrandC
394,Product_394,Sports,2440,BrandA
395,Product_395,Electronics,2595,BrandA
396,Product_396,Clothing,2461,BrandB
397,Product_397,Electronics,1054,BrandA
398,Product_398,Clothing,70,BrandC
399,Product_399,Electronics,456,BrandB
400,Product_400,Clothing,1064,BrandC
401,Product_401,Electronics,4481,BrandA
402,Product_402,Grocery,1888,BrandB
403,Product_403,Electronics,3238,BrandC
404,Product_404,Electronics,764,BrandB
405,Product_405,Grocery,4196,BrandB
406,Product_406,Sports,3904,BrandA
407,Product_407,Sports,4469,BrandC
408,Product_408,Electronics,4934,BrandB
409,Product_409,Grocery,190,BrandB
410,Product_410,Electronics,4615,BrandC
411,Product_411,Clothing,4932,BrandB
412,Product_412,Clothing,1013,BrandB
413,Product_413,Electronics,422,BrandB
414,Product_414,Sports,3685,BrandC
415,Product_415,Sports,2591,BrandC
416,Product_416,Electronics,3660,BrandC
417,Product_417,Electronics,1742,BrandC
418,Product_418,Clothing,155,BrandA
419,Product_419,Sports,1731,BrandB
420,Product_420,Electronics,4147,BrandC
421,Product_421,Clothing,4066,BrandB
422,Product_422,Sports,2686,BrandB
423,Product_423,Grocery,2187,BrandA
424,Product_424,Clothing,3466,BrandC
425,Product_425,Sports,4495,BrandC
426,Product_426,Sports,3580,BrandB
427,Product_427,Clothing,1336,BrandC
428,Product_428,Grocery,3229,BrandB
429,Product_429,Clothing,3704,BrandB
430,Product_430,Sports,2409,BrandA
431,Product_431,Electronics,494,BrandA
432,Product_432,Electronics,85,BrandA
433,Product_433,Clothing,1525,BrandB
434,Product_434,Sports,4007,BrandC
435,Product_435,Electronics,1848,BrandA
436,Product_436,Sports,1895,BrandC
437,Product_437,Clothing,1458,BrandA
438,Product_438,Electronics,1758,BrandA
439,Product_439,Sports,2988,BrandB
440,Product_440,Electronics,1350,BrandA
441,Product_441,Clothing,1293,BrandA
442,Product_442,Sports,4026,BrandB
443,Product_443,Electronics,3147,BrandC
444,Product_444,Clothing,4666,BrandA
445,Product_445,Electronics,59,BrandB
446,Product_446,Electronics,2475,BrandA
447,Product_447,Grocery,1710,BrandB
448,Product_448,Grocery,2681,BrandC
449,Product_449,Clothing,4865,BrandC
450,Product_450,Grocery,1122,BrandB
451,Product_451,Clothing,3275,BrandB
452,Product_452,Grocery,1366,BrandB
453,Product_453,Electronics,4195,BrandC
454,Product_454,Clothing,3733,BrandA
455,Product_455,Clothing,3323,BrandC
456,Product_456,Electronics,195,BrandB
457,Product_457,Clothing,3090,BrandB
458,Product_458,Clothing,1512,BrandC
459,Product_459,Grocery,4726,BrandB
460,Product_460,Clothing,1634,BrandC
461,Product_461,Sports,532,BrandB
462,Product_462,Electronics,3229,BrandA
463,Product_463,Grocery,1299,BrandA
464,Product_464,Grocery,4818,BrandB
465,Product_465,Sports,680,BrandC
466,Product_466,Electronics,711,BrandA
467,Product_467,Electronics,3553,BrandC
468,Product_468,Grocery,2902,BrandB
469,Product_469,Clothing,2516,BrandC
470,Product_470,Grocery,1037,BrandA
471,Product_471,Electronics,1596,BrandC
472,Product_472,Sports,699,BrandC
473,Product_473,Grocery,1018,BrandB
474,Product_474,Electronics,2687,BrandB
475,Product_475,Grocery,1150,BrandB
476,Product_476,Clothing,490,BrandA
477,Product_477,Grocery,819,BrandA
478,Product_478,Grocery,1393,BrandB
479,Product_479,Electronics,4408,BrandB
480,Product_480,Electronics,3779,BrandA
481,Product_481,Electronics,3956,BrandA
482,Product_482,Grocery,1627,BrandA
483,Product_483,Clothing,4058,BrandA
484,Product_484,Sports,3401,BrandB
485,Product_485,Sports,4845,BrandA
486,Product_486,Electronics,2399,BrandB
487,Product_487,Electronics,3652,BrandC
488,Product_488,Grocery,1291,BrandC
489,Product_489,Sports,1175,BrandA
490,Product_490,Electronics,2651,BrandC
491,Product_491,Clothing,1240,BrandC
492,Product_492,Clothing,4181,BrandC
493,Product_493,Electronics,4889,BrandA
494,Product_494,Electronics,4498,BrandA
495,Product_495,Sports,122,BrandC
496,Product_496,Sports,1964,BrandB
497,Product_497,Grocery,2522,BrandC
498,Product_498,Sports,3096,BrandA
499,Product_499,Clothing,757,BrandA
500,Product_500,Clothing,1854,BrandA
501,Product_501,Electronics,3763,BrandC
502,Product_502,Sports,2614,BrandB
503,Product_503,Grocery,2525,BrandA
504,Product_504,Clothing,3660,BrandA
505,Product_505,Clothing,4305,BrandC
506,Product_506,Grocery,2873,BrandB
507,Product_507,Grocery,1785,BrandC
508,Product_508,Clothing,1635,BrandA
509,Product_509,Clothing,116,BrandB
510,Product_510,Grocery,3111,BrandB
511,Product_511,Clothing,2478,BrandA
512,Product_512,Electronics,4203,BrandB
513,Product_513,Electronics,391,BrandB
514,Product_514,Grocery,2824,BrandC
515,Product_515,Sports,2867,BrandA
516,Product_516,Grocery,2711,BrandA
517,Product_517,Grocery,1282,BrandA
518,Product_518,Sports,3924,BrandA
519,Product_519,Sports,2451,BrandA
520,Product_520,Sports,1544,BrandB
521,Product_521,Electronics,4261,BrandC
522,Product_522,Clothing,711,BrandA
523,Product_523,Electronics,3933,BrandC
524,Product_524,Clothing,3669,BrandC
525,Product_525,Electronics,1918,BrandB
526,Product_526,Clothing,2384,BrandA
527,Product_527,Electronics,3424,BrandB
528,Product_528,Sports,1066,BrandA
529,Product_529,Grocery,4456,BrandB
530,Product_530,Electronics,257,BrandC
531,Product_531,Clothing,2715,BrandA
532,Product_532,Sports,2543,BrandC
533,Product_533,Electronics,682,BrandC
534,Product_534,Electronics,2152,BrandB
535,Product_535,Sports,3009,BrandA
536,Product_536,Electronics,3133,BrandC
537,Product_537,Grocery,4802,BrandB
538,Product_538,Electronics,1981,BrandA
539,Product_539,Grocery,3769,BrandA
540,Product_540,Grocery,2612,BrandC
541,Product_541,Sports,1729,BrandA
542,Product_542,Electronics,286,BrandC
543,Product_543,Sports,4493,BrandA
544,Product_544,Electronics,4775,BrandB
545,Product_545,Electronics,1590,BrandC
546,Product_546,Clothing,3993,BrandC
547,Product_547,Electronics,413,BrandA
548,Product_548,Sports,2418,BrandA
549,Product_549,Grocery,335,BrandC
550,Product_550,Electronics,198,BrandA
551,Product_551,Clothing,4087,BrandB
552,Product_552,Sports,4601,BrandA
553,Product_553,Electronics,1816,BrandB
554,Product_554,Sports,4945,BrandB
555,Product_555,Clothing,1062,BrandB
556,Product_556,Clothing,2881,BrandB
557,Product_557,Sports,2557,BrandB
558,Product_558,Electronics,1573,BrandA
559,Product_559,Grocery,2835,BrandB
560,Product_560,Clothing,2606,BrandA
561,Product_561,Electronics,3775,BrandB
562,Product_562,Electronics,4626,BrandC
563,Product_563,Grocery,1651,BrandB
564,Product_564,Clothing,2458,BrandC
565,Product_565,Clothing,390,BrandB
566,Product_566,Electronics,2867,BrandB
567,Product_567,Electronics,2546,BrandB
568,Product_568,Grocery,4980,BrandC
569,Product_569,Grocery,1775,BrandC
570,Product_570,Clothing,1739,BrandB
571,Product_571,Sports,3317,BrandA
572,Product_572,Clothing,4456,BrandB
573,Product_573,Electronics,311,BrandC
574,Product_574,Clothing,1492,BrandB
575,Product_575,Sports,455,BrandC
576,Product_576,Grocery,2240,BrandC
577,Product_577,Sports,4487,BrandC
578,Product_578,Sports,293,BrandB
579,Product_579,Sports,4635,BrandC
580,Product_580,Grocery,4157,BrandC
581,Product_581,Sports,610,BrandB
582,Product_582,Sports,4187,BrandC
583,Product_583,Sports,2775,BrandB
584,Product_584,Electronics,643,BrandC
585,Product_585,Sports,1876,BrandA
586,Product_586,Grocery,3279,BrandA
587,Product_587,Sports,3337,BrandC
588,Product_588,Sports,4123,BrandA
589,Product_589,Grocery,183,BrandB
590,Product_590,Sports,3188,BrandA
591,Product_591,Grocery,3969,BrandC
592,Product_592,Sports,122,BrandC
593,Product_593,Grocery,4544,BrandB
594,Product_594,Sports,4275,BrandC
595,Product_595,Sports,3028,BrandB
596,Product_596,Electronics,4411,BrandA
597,Product_597,Electronics,2035,BrandA
598,Product_598,Sports,842,BrandB
599,Product_599,Sports,4309,BrandB
600,Product_600,Clothing,144,BrandC
601,Product_601,Grocery,1183,BrandA
602,Product_602,Clothing,4967,BrandB
603,Product_603,Electronics,287,BrandA
604,Product_604,Electronics,2996,BrandB
605,Product_605,Electronics,2580,BrandA
606,Product_606,Electronics,2010,BrandC
607,Product_607,Sports,1098,BrandA
608,Product_608,Electronics,2579,BrandA
609,Product_609,Sports,3014,BrandA
610,Product_610,Sports,1013,BrandA
611,Product_611,Electronics,586,BrandA
612,Product_612,Electronics,4273,BrandC
613,Product_613,Grocery,3729,BrandB
614,Product_614,Clothing,4237,BrandA
615,Product_615,Electronics,3774,BrandC
616,Product_616,Grocery,592,BrandA
617,Product_617,Grocery,895,BrandA
618,Product_618,Clothing,3653,BrandB
619,Product_619,Sports,3086,BrandA
620,Product_620,Electronics,2544,BrandC
621,Product_621,Clothing,4535,BrandC
622,Product_622,Electronics,2769,BrandB
623,Product_623,Grocery,1934,BrandA
624,Product_624,Grocery,4188,BrandC
625,Product_625,Sports,4399,BrandA
626,Product_626,Grocery,3251,BrandA
627,Product_627,Grocery,2760,BrandA
628,Product_628,Clothing,2003,BrandB
629,Product_629,Electronics,4787,BrandA
630,Product_630,Electronics,3900,BrandC
631,Product_631,Clothing,739,BrandA
632,Product_632,Sports,2000,BrandC
633,Product_633,Electronics,506,BrandA
634,Product_634,Grocery,2180,BrandC
635,Product_635,Electronics,4026,BrandC
636,Product_636,Grocery,4294,BrandA
637,Product_637,Sports,1229,BrandA
638,Product_638,Clothing,4335,BrandC
639,Product_639,Electronics,3615,BrandB
640,Product_640,Clothing,932,BrandA
641,Product_641,Electronics,449,BrandB
642,Product_642,Grocery,658,BrandA
643,Product_643,Clothing,1688,BrandA
644,Product_644,Electronics,2198,BrandA
645,Product_645,Grocery,1432,BrandA
646,Product_646,Clothing,1453,BrandB
647,Product_647,Clothing,869,BrandA
648,Product_648,Electronics,3342,BrandC
649,Product_649,Electronics,869,BrandC
650,Product_650,Electronics,469,BrandB
651,Product_651,Grocery,4269,BrandA
652,Product_652,Electronics,4567,BrandC
653,Product_653,Clothing,3352,BrandB
654,Product_654,Clothing,1558,BrandA
655,Product_655,Electronics,817,BrandC
656,Product_656,Electronics,2094,BrandC
657,Product_657,Sports,2189,BrandB
658,Product_658,Clothing,3079,BrandA
659,Product_659,Grocery,1599,BrandA
660,Product_660,Sports,1814,BrandC
661,Product_661,Electronics,2695,BrandC
662,Product_662,Electronics,3766,BrandC
663,Product_663,Clothing,4655,BrandA
664,Product_664,Electronics,4531,BrandB
665,Product_665,Grocery,2343,BrandB
666,Product_666,Clothing,4887,BrandA
667,Product_667,Electronics,2758,BrandB
668,Product_668,Clothing,950,BrandC
669,Product_669,Electronics,3134,BrandB
670,Product_670,Electronics,2059,BrandB
671,Product_671,Electronics,291,BrandB
672,Product_672,Grocery,2435,BrandC
673,Product_673,Grocery,4318,BrandA
674,Product_674,Clothing,721,BrandC
675,Product_675,Electronics,213,BrandA
676,Product_676,Electronics,514,BrandA
677,Product_677,Grocery,3092,BrandA
678,Product_678,Electronics,4642,BrandB
679,Product_679,Grocery,4845,BrandB
680,Product_680,Electronics,2492,BrandA
681,Product_681,Clothing,4848,BrandA
682,Product_682,Electronics,2405,BrandB
683,Product_683,Electronics,4328,BrandC
684,Product_684,Sports,4774,BrandA
685,Product_685,Grocery,2607,BrandC
686,Product_686,Electronics,595,BrandB
687,Product_687,Electronics,4769,BrandA
688,Product_688,Sports,3885,BrandC
689,Product_689,Sports,643,BrandC
690,Product_690,Grocery,4889,BrandC
691,Product_691,Sports,3854,BrandB
692,Product_692,Clothing,1509,BrandB
693,Product_693,Sports,3543,BrandC
694,Product_694,Clothing,2651,BrandC
695,Product_695,Grocery,2494,BrandB
696,Product_696,Grocery,2722,BrandC
697,Product_697,Grocery,4250,BrandC
698,Product_698,Grocery,66,BrandB
699,Product_699,Grocery,3241,BrandC
700,Product_700,Clothing,442,BrandC
701,Product_701,Clothing,474,BrandC
702,Product_702,Grocery,621,BrandB
703,Product_703,Sports,3681,BrandC
704,Product_704,Electronics,1170,BrandB
705,Product_705,Grocery,291,BrandB
706,Product_706,Sports,3947,BrandA
707,Product_707,Electronics,4145,BrandA
708,Product_708,Grocery,2329,BrandC
709,Product_709,Grocery,838,BrandB
710,Product_710,Clothing,764,BrandA
711,Product_711,Electronics,4904,BrandC
712,Product_712,Electronics,2899,BrandA
713,Product_713,Sports,825,BrandA
714,Product_714,Clothing,4076,BrandB
715,Product_715,Clothing,2297,BrandB
716,Product_716,Clothing,128,BrandA
717,Product_717,Clothing,3976,BrandA
718,Product_718,Electronics,905,BrandB
719,Product_719,Electronics,2198,BrandC
720,Product_720,Grocery,1081,BrandB
721,Product_721,Grocery,4990,BrandA
722,Product_722,Clothing,3321,BrandC
723,Product_723,Clothing,3626,BrandA
724,Product_724,Clothing,4232,BrandC
725,Product_725,Grocery,3506,BrandA
726,Product_726,Sports,3556,BrandC
727,Product_727,Sports,457,BrandC
728,Product_728,Grocery,2761,BrandA
729,Product_729,Grocery,3138,BrandC
730,Product_730,Grocery,1718,BrandB
731,Product_731,Grocery,197,BrandA
732,Product_732,Grocery,4377,BrandB
733,Product_733,Grocery,3947,BrandA
734,Product_734,Clothing,2000,BrandC
735,Product_735,Clothing,415,BrandC
736,Product_736,Clothing,1724,BrandC
737,Product_737,Clothing,4581,BrandA
738,Product_738,Grocery,4544,BrandB
739,Product_739,Sports,2596,BrandB
740,Product_740,Electronics,612,BrandA
741,Product_741,Grocery,3612,BrandA
742,Product_742,Electronics,2539,BrandB
743,Product_743,Sports,822,BrandB
744,Product_744,Clothing,2087,BrandB
745,Product_745,Sports,3473,BrandB
746,Product_746,Grocery,2617,BrandA
747,Product_747,Clothing,1623,BrandA
748,Product_748,Grocery,3744,BrandC
749,Product_749,Clothing,3341,BrandB
750,Product_750,Electronics,1296,BrandC
751,Product_751,Electronics,3769,BrandA
752,Product_752,Electronics,3889,BrandA
753,Product_753,Sports,409,BrandC
754,Product_754,Grocery,2426,BrandB
755,Product_755,Sports,3059,BrandB
756,Product_756,Electronics,3043,BrandB
757,Product_757,Grocery,1012,BrandB
758,Product_758,Electronics,3682,BrandC
759,Product_759,Sports,1877,BrandC
760,Product_760,Sports,1663,BrandA
761,Product_761,Sports,1690,BrandB
762,Product_762,Electronics,2266,BrandB
763,Product_763,Grocery,4362,BrandB
764,Product_764,Grocery,427,BrandC
765,Product_765,Electronics,4264,BrandB
766,Product_766,Grocery,4335,BrandC
767,Product_767,Electronics,419,BrandB
768,Product_768,Grocery,2246,BrandB
769,Product_769,Clothing,3797,BrandA
770,Product_770,Clothing,701,BrandB
771,Product_771,Sports,819,BrandB
772,Product_772,Clothing,2471,BrandA
773,Product_773,Clothing,830,BrandC
774,Product_774,Clothing,1766,BrandC
775,Product_775,Electronics,4033,BrandB
776,Product_776,Clothing,1361,BrandC
777,Product_777,Clothing,3409,BrandB
778,Product_778,Sports,572,BrandA
779,Product_779,Clothing,571,BrandA
780,Product_780,Clothing,4928,BrandB
781,Product_781,Grocery,2370,BrandA
782,Product_782,Sports,985,BrandA
783,Product_783,Sports,2280,BrandB
784,Product_784,Sports,4090,BrandB
785,Product_785,Sports,4633,BrandA
786,Product_786,Sports,4991,BrandC
787,Product_787,Sports,3747,BrandC
788,Product_788,Electronics,2887,BrandB
789,Product_789,Clothing,4133,BrandB
790,Product_790,Sports,2511,BrandC
791,Product_791,Clothing,3293,BrandA
792,Product_792,Clothing,3409,BrandC
793,Product_793,Electronics,735,BrandC
794,Product_794,Sports,2210,BrandC
795,Product_795,Grocery,4038,BrandC
796,Product_796,Electronics,4116,BrandB
797,Product_797,Grocery,1617,BrandB
798,Product_798,Clothing,88,BrandA
799,Product_799,Clothing,2594,BrandA
800,Product_800,Electronics,4925,BrandA
801,Product_801,Electronics,1306,BrandA
802,Product_802,Grocery,3040,BrandC
803,Product_803,Sports,2246,BrandB
804,Product_804,Grocery,3518,BrandB
805,Product_805,Electronics,2758,BrandA
806,Product_806,Grocery,351,BrandA
807,Product_807,Electronics,696,BrandC
808,Product_808,Grocery,4808,BrandC
809,Product_809,Electronics,1809,BrandA
810,Product_810,Electronics,4401,BrandB
811,Product_811,Electronics,647,BrandB
812,Product_812,Sports,711,BrandB
813,Product_813,Grocery,4380,BrandA
814,Product_814,Grocery,1418,BrandB
815,Product_815,Grocery,2631,BrandC
816,Product_816,Electronics,3918,BrandC
817,Product_817,Grocery,3587,BrandA
818,Product_818,Grocery,4915,BrandC
819,Product_819,Electronics,4358,BrandA
820,Product_820,Clothing,4608,BrandB
821,Product_821,Electronics,332,BrandB
822,Product_822,Grocery,3728,BrandB
823,Product_823,Electronics,1536,BrandC
824,Product_824,Clothing,4132,BrandA
825,Product_825,Electronics,4233,BrandB
826,Product_826,Grocery,510,BrandA
827,Product_827,Clothing,2375,BrandB
828,Product_828,Sports,3804,BrandC
829,Product_829,Grocery,2518,BrandC
830,Product_830,Clothing,1774,BrandA
831,Product_831,Clothing,1426,BrandC
832,Product_832,Sports,2793,BrandC
833,Product_833,Electronics,564,BrandA
834,Product_834,Electronics,752,BrandB
835,Product_835,Grocery,1703,BrandC
836,Product_836,Sports,2116,BrandA
837,Product_837,Electronics,72,BrandC
838,Product_838,Sports,2510,BrandC
839,Product_839,Electronics,1354,BrandC
840,Product_840,Clothing,3350,BrandC
841,Product_841,Electronics,411,BrandA
842,Product_842,Sports,3777,BrandA
843,Product_843,Clothing,1334,BrandA
844,Product_844,Clothing,564,BrandC
845,Product_845,Clothing,498,BrandC
846,Product_846,Sports,1905,BrandC
847,Product_847,Grocery,3612,BrandA
848,Product_848,Grocery,2570,BrandC
849,Product_849,Grocery,3131,BrandB
850,Product_850,Sports,1478,BrandC
851,Product_851,Clothing,4017,BrandB
852,Product_852,Grocery,972,BrandC
853,Product_853,Sports,3187,BrandA
854,Product_854,Grocery,2209,BrandC
855,Product_855,Electronics,2597,BrandB
856,Product_856,Grocery,3029,BrandB
857,Product_857,Grocery,2331,BrandC
858,Product_858,Clothing,2699,BrandB
859,Product_859,Sports,363,BrandB
860,Product_860,Clothing,2663,BrandA
861,Product_861,Clothing,3133,BrandC
862,Product_862,Clothing,2306,BrandC
863,Product_863,Clothing,1087,BrandC
864,Product_864,Clothing,3539,BrandB
865,Product_865,Grocery,2684,BrandC
866,Product_866,Clothing,4033,BrandC
867,Product_867,Clothing,1828,BrandA
868,Product_868,Sports,3945,BrandA
869,Product_869,Electronics,1174,BrandA
870,Product_870,Grocery,747,BrandB
871,Product_871,Grocery,2229,BrandC
872,Product_872,Grocery,1454,BrandA
873,Product_873,Clothing,1093,BrandA
874,Product_874,Clothing,1979,BrandA
875,Product_875,Clothing,1063,BrandC
876,Product_876,Sports,276,BrandC
877,Product_877,Electronics,1878,BrandC
878,Product_878,Clothing,4967,BrandB
879,Product_879,Electronics,2073,BrandB
880,Product_880,Sports,2502,BrandA
881,Product_881,Grocery,2135,BrandC
882,Product_882,Clothing,4333,BrandA
883,Product_883,Electronics,1130,BrandC
884,Product_884,Electronics,2370,BrandC
885,Product_885,Clothing,3240,BrandC
886,Product_886,Grocery,2680,BrandB
887,Product_887,Grocery,2613,BrandB
888,Product_888,Grocery,3342,BrandC
889,Product_889,Sports,4671,BrandA
890,Product_890,Electronics,3636,BrandC
891,Product_891,Electronics,4481,BrandC
892,Product_892,Electronics,2997,BrandA
893,Product_893,Sports,4009,BrandC
894,Product_894,Electronics,2863,BrandA
895,Product_895,Sports,2633,BrandB
896,Product_896,Grocery,211,BrandB
897,Product_897,Clothing,643,BrandA
898,Product_898,Electronics,3309,BrandB
899,Product_899,Electronics,4205,BrandB
900,Product_900,Grocery,3012,BrandA
901,Product_901,Clothing,3938,BrandB
902,Product_902,Sports,3440,BrandC
903,Product_903,Clothing,4551,BrandC
904,Product_904,Grocery,713,BrandA
905,Product_905,Grocery,1182,BrandB
906,Product_906,Clothing,591,BrandC
907,Product_907,Sports,3024,BrandC
908,Product_908,Sports,917,BrandB
909,Product_909,Electronics,2116,BrandB
910,Product_910,Sports,481,BrandC
911,Product_911,Clothing,4885,BrandC
912,Product_912,Grocery,4328,BrandA
913,Product_913,Electronics,1256,BrandA
914,Product_914,Electronics,2578,BrandC
915,Product_915,Grocery,1219,BrandA
916,Product_916,Sports,880,BrandC
917,Product_917,Grocery,1701,BrandC
918,Product_918,Sports,1186,BrandA
919,Product_919,Grocery,2860,BrandA
920,Product_920,Clothing,525,BrandB
921,Product_921,Sports,2860,BrandB
922,Product_922,Clothing,1376,BrandB
923,Product_923,Electronics,1069,BrandC
924,Product_924,Grocery,1886,BrandA
925,Product_925,Electronics,4306,BrandC
926,Product_926,Electronics,2498,BrandA
927,Product_927,Electronics,4343,BrandC
928,Product_928,Electronics,1333,BrandB
929,Product_929,Grocery,709,BrandB
930,Product_930,Electronics,2060,BrandB
931,Product_931,Grocery,448,BrandC
932,Product_932,Grocery,1783,BrandA
933,Product_933,Clothing,2175,BrandA
934,Product_934,Sports,2221,BrandB
935,Product_935,Sports,124,BrandB
936,Product_936,Grocery,4747,BrandB
937,Product_937,Clothing,3521,BrandB
938,Product_938,Grocery,886,BrandA
939,Product_939,Grocery,549,BrandC
940,Product_940,Grocery,187,BrandC
941,Product_941,Clothing,2147,BrandC
942,Product_942,Sports,3746,BrandC
943,Product_943,Clothing,1935,BrandB
944,Product_944,Electronics,2807,BrandB
945,Product_945,Clothing,3970,BrandB
946,Product_946,Clothing,1950,BrandC
947,Product_947,Clothing,2660,BrandB
948,Product_948,Clothing,4036,BrandB
949,Product_949,Sports,1499,BrandA
950,Product_950,Electronics,596,BrandA
951,Product_951,Sports,4726,BrandB
952,Product_952,Sports,2053,BrandA
953,Product_953,Clothing,2146,BrandA
954,Product_954,Grocery,753,BrandB
955,Product_955,Grocery,2453,BrandB
956,Product_956,Sports,1675,BrandB
957,Product_957,Sports,3381,BrandB
958,Product_958,Clothing,4783,BrandC
959,Product_959,Sports,3028,BrandC
960,Product_960,Clothing,4786,BrandB
961,Product_961,Grocery,2889,BrandA
962,Product_962,Grocery,3434,BrandB
963,Product_963,Electronics,2709,BrandB
964,Product_964,Grocery,1911,BrandA
965,Product_965,Sports,2906,BrandC
966,Product_966,Grocery,735,BrandB
967,Product_967,Clothing,4333,BrandB
968,Product_968,Grocery,1669,BrandC
969,Product_969,Electronics,4693,BrandC
970,Product_970,Grocery,1481,BrandA
971,Product_971,Clothing,925,BrandC
972,Product_972,Clothing,4763,BrandC
973,Product_973,Sports,2511,BrandC
974,Product_974,Grocery,1415,BrandA
975,Product_975,Clothing,1293,BrandC
976,Product_976,Electronics,212,BrandC
977,Product_977,Sports,2024,BrandA
978,Product_978,Electronics,3341,BrandC
979,Product_979,Grocery,319,BrandC
980,Product_980,Grocery,681,BrandA
981,Product_981,Grocery,955,BrandB
982,Product_982,Sports,3521,BrandA
983,Product_983,Clothing,3303,BrandC
984,Product_984,Sports,2064,BrandC
985,Product_985,Electronics,1691,BrandC
986,Product_986,Sports,254,BrandA
987,Product_987,Electronics,631,BrandC
988,Product_988,Sports,890,BrandC
989,Product_989,Clothing,1769,BrandA
990,Product_990,Electronics,2693,BrandB
991,Product_991,Grocery,2347,BrandB
992,Product_992,Grocery,924,BrandC
993,Product_993,Sports,739,BrandA
994,Product_994,Grocery,4050,BrandC
995,Product_995,Electronics,3191,BrandA
996,Product_996,Grocery,1472,BrandA
997,Product_997,Clothing,721,BrandB
998,Product_998,Clothing,1221,BrandB
999,Product_999,Sports,3776,BrandA
1000,Product_1000,Electronics,993,BrandC
1001,Product_1001,Clothing,1499,BrandB
1002,Product_1002,Clothing,3787,BrandC
1003,Product_1003,Electronics,2589,BrandB
1004,Product_1004,Grocery,4009,BrandB
1005,Product_1005,Grocery,4310,BrandC
1006,Product_1006,Sports,2411,BrandB
1007,Product_1007,Grocery,3702,BrandB
1008,Product_1008,Electronics,3720,BrandC
1009,Product_1009,Clothing,1803,BrandB
1010,Product_1010,Grocery,2402,BrandB
1011,Product_1011,Sports,1988,BrandB
1012,Product_1012,Grocery,420,BrandC
1013,Product_1013,Electronics,4998,BrandA
1014,Product_1014,Sports,4529,BrandC
1015,Product_1015,Grocery,1981,BrandA
1016,Product_1016,Sports,474,BrandB
1017,Product_1017,Electronics,4774,BrandA
1018,Product_1018,Clothing,944,BrandC
1019,Product_1019,Electronics,647,BrandC
1020,Product_1020,Electronics,3112,BrandB
1021,Product_1021,Electronics,2386,BrandA
1022,Product_1022,Electronics,4738,BrandB
1023,Product_1023,Clothing,1737,BrandB
1024,Product_1024,Clothing,622,BrandC
1025,Product_1025,Sports,2140,BrandA
1026,Product_1026,Grocery,3719,BrandA
1027,Product_1027,Clothing,4322,BrandA
1028,Product_1028,Clothing,4674,BrandA
1029,Product_1029,Grocery,1683,BrandB
1030,Product_1030,Clothing,1567,BrandB
1031,Product_1031,Electronics,4343,BrandC
1032,Product_1032,Electronics,2707,BrandB
1033,Product_1033,Grocery,3698,BrandB
1034,Product_1034,Sports,4998,BrandC
1035,Product_1035,Sports,3638,BrandC
1036,Product_1036,Grocery,1587,BrandC
1037,Product_1037,Grocery,3187,BrandB
1038,Product_1038,Electronics,147,BrandB
1039,Product_1039,Sports,3265,BrandC
1040,Product_1040,Clothing,4580,BrandC
1041,Product_1041,Electronics,4782,BrandC
1042,Product_1042,Grocery,3800,BrandB
1043,Product_1043,Sports,3207,BrandB
1044,Product_1044,Clothing,4733,BrandA
1045,Product_1045,Clothing,393,BrandB
1046,Product_1046,Electronics,4716,BrandB
1047,Product_1047,Sports,660,BrandB
1048,Product_1048,Sports,1777,BrandC
1049,Product_1049,Grocery,2340,BrandB
1050,Product_1050,Sports,1904,BrandC
1051,Product_1051,Sports,2658,BrandA
1052,Product_1052,Electronics,2129,BrandA
1053,Product_1053,Sports,2374,BrandC
1054,Product_1054,Clothing,4677,BrandC
1055,Product_1055,Electronics,1227,BrandC
1056,Product_1056,Electronics,1141,BrandB
1057,Product_1057,Grocery,2841,BrandA
1058,Product_1058,Sports,1799,BrandC
1059,Product_1059,Grocery,2725,BrandB
1060,Product_1060,Clothing,831,BrandA
1061,Product_1061,Electronics,3098,BrandB
1062,Product_1062,Electronics,2155,BrandA
1063,Product_1063,Electronics,3917,BrandB
1064,Product_1064,Clothing,4592,BrandA
1065,Product_1065,Clothing,2163,BrandA
1066,Product_1066,Grocery,4020,BrandB
1067,Product_1067,Grocery,2041,BrandC
1068,Product_1068,Grocery,1117,BrandA
1069,Product_1069,Sports,1627,BrandC
1070,Product_1070,Electronics,1061,BrandB
1071,Product_1071,Electronics,2324,BrandC
1072,Product_1072,Grocery,4919,BrandC
1073,Product_1073,Electronics,1864,BrandC
1074,Product_1074,Grocery,2476,BrandC
1075,Product_1075,Sports,4452,BrandC
1076,Product_1076,Sports,4924,BrandA
1077,Product_1077,Clothing,2601,BrandA
1078,Product_1078,Sports,3707,BrandA
1079,Product_1079,Grocery,57,BrandB
1080,Product_1080,Sports,2605,BrandC
1081,Product_1081,Clothing,525,BrandA
1082,Product_1082,Electronics,2261,BrandB
1083,Product_1083,Grocery,534,BrandA
1084,Product_1084,Electronics,4704,BrandA
1085,Product_1085,Clothing,2335,BrandC
1086,Product_1086,Clothing,4613,BrandB
1087,Product_1087,Clothing,3575,BrandC
1088,Product_1088,Electronics,3389,BrandC
1089,Product_1089,Electronics,2872,BrandA
1090,Product_1090,Electronics,4993,BrandC
1091,Product_1091,Electronics,2974,BrandB
1092,Product_1092,Clothing,308,BrandC
1093,Product_1093,Clothing,332,BrandC
1094,Product_1094,Grocery,1948,BrandC
1095,Product_1095,Grocery,4185,BrandA
1096,Product_1096,Electronics,3026,BrandB
1097,Product_1097,Sports,2317,BrandA
1098,Product_1098,Sports,3250,BrandA
1099,Product_1099,Clothing,662,BrandA
1100,Product_1100,Clothing,737,BrandA
1101,Product_1101,Clothing,3740,BrandA
1102,Product_1102,Grocery,662,BrandB
1103,Product_1103,Grocery,2357,BrandC
1104,Product_1104,Clothing,3063,BrandA
1105,Product_1105,Clothing,1831,BrandA
1106,Product_1106,Clothing,2641,BrandB
1107,Product_1107,Sports,2746,BrandB
1108,Product_1108,Grocery,4008,BrandC
1109,Product_1109,Sports,624,BrandB
1110,Product_1110,Sports,1960,BrandC
1111,Product_1111,Clothing,3654,BrandA
1112,Product_1112,Clothing,719,BrandA
1113,Product_1113,Electronics,4414,BrandC
1114,Product_1114,Electronics,1333,BrandB
1115,Product_1115,Sports,973,BrandC
1116,Product_1116,Grocery,1175,BrandB
1117,Product_1117,Clothing,1579,BrandA
1118,Product_1118,Clothing,1644,BrandB
1119,Product_1119,Sports,296,BrandC
1120,Product_1120,Electronics,3761,BrandC
1121,Product_1121,Grocery,1610,BrandA
1122,Product_1122,Electronics,2450,BrandB
1123,Product_1123,Electronics,2293,BrandB
1124,Product_1124,Electronics,3914,BrandB
1125,Product_1125,Electronics,1989,BrandA
1126,Product_1126,Clothing,3119,BrandB
1127,Product_1127,Clothing,276,BrandC
1128,Product_1128,Electronics,3597,BrandB
1129,Product_1129,Grocery,314,BrandA
1130,Product_1130,Sports,1445,BrandB
1131,Product_1131,Grocery,3607,BrandB
1132,Product_1132,Grocery,695,BrandC
1133,Product_1133,Grocery,3040,BrandB
1134,Product_1134,Electronics,1949,BrandC
1135,Product_1135,Clothing,2554,BrandC
1136,Product_1136,Grocery,2822,BrandA
1137,Product_1137,Electronics,1204,BrandC
1138,Product_1138,Grocery,637,BrandC
1139,Product_1139,Grocery,4621,BrandA
1140,Product_1140,Electronics,1871,BrandC
1141,Product_1141,Clothing,1035,BrandA
1142,Product_1142,Clothing,4129,BrandB
1143,Product_1143,Sports,3398,BrandA
1144,Product_1144,Electronics,3881,BrandC
1145,Product_1145,Sports,1291,BrandA
1146,Product_1146,Sports,239,BrandC
1147,Product_1147,Sports,1030,BrandB
1148,Product_1148,Clothing,1748,BrandA
1149,Product_1149,Electronics,1765,BrandB
1150,Product_1150,Sports,2643,BrandC
1151,Product_1151,Electronics,4186,BrandC
1152,Product_1152,Electronics,4483,BrandB
1153,Product_1153,Clothing,1148,BrandA
1154,Product_1154,Sports,2376,BrandA
1155,Product_1155,Sports,3297,BrandC
1156,Product_1156,Electronics,945,BrandB
1157,Product_1157,Grocery,1724,BrandB
1158,Product_1158,Clothing,2959,BrandA
1159,Product_1159,Clothing,980,BrandA
1160,Product_1160,Clothing,4434,BrandA
1161,Product_1161,Clothing,773,BrandB
1162,Product_1162,Sports,2990,BrandA
1163,Product_1163,Sports,1139,BrandA
1164,Product_1164,Grocery,4628,BrandC
1165,Product_1165,Clothing,985,BrandA
1166,Product_1166,Clothing,2345,BrandA
1167,Product_1167,Electronics,205,BrandB
1168,Product_1168,Sports,1120,BrandB
1169,Product_1169,Clothing,2008,BrandC
1170,Product_1170,Grocery,2551,BrandA
1171,Product_1171,Grocery,4269,BrandC
1172,Product_1172,Sports,3880,BrandB
1173,Product_1173,Grocery,904,BrandC
1174,Product_1174,Grocery,689,BrandB
1175,Product_1175,Sports,2288,BrandC
1176,Product_1176,Clothing,1652,BrandC
1177,Product_1177,Clothing,491,BrandA
1178,Product_1178,Grocery,4678,BrandC
1179,Product_1179,Grocery,1386,BrandA
1180,Product_1180,Clothing,3750,BrandA
1181,Product_1181,Sports,998,BrandA
1182,Product_1182,Grocery,3423,BrandA
1183,Product_1183,Electronics,509,BrandC
1184,Product_1184,Sports,4696,BrandB
1185,Product_1185,Grocery,442,BrandB
1186,Product_1186,Grocery,3988,BrandB
1187,Product_1187,Electronics,1837,BrandC
1188,Product_1188,Electronics,4990,BrandA
1189,Product_1189,Clothing,2307,BrandB
1190,Product_1190,Sports,1188,BrandC
1191,Product_1191,Sports,3858,BrandA
1192,Product_1192,Clothing,4791,BrandB
1193,Product_1193,Sports,2504,BrandA
1194,Product_1194,Sports,1516,BrandB
1195,Product_1195,Sports,3724,BrandB
1196,Product_1196,Sports,1427,BrandB
1197,Product_1197,Sports,2647,BrandA
1198,Product_1198,Electronics,191,BrandC
1199,Product_1199,Sports,2709,BrandA
1200,Product_1200,Electronics,4646,BrandB
1201,Product_1201,Sports,889,BrandA
1202,Product_1202,Clothing,3668,BrandC
1203,Product_1203,Grocery,3967,BrandA
1204,Product_1204,Electronics,645,BrandC
1205,Product_1205,Sports,1954,BrandC
1206,Product_1206,Clothing,330,BrandA
1207,Product_1207,Grocery,473,BrandB
1208,Product_1208,Electronics,4415,BrandC
1209,Product_1209,Grocery,4299,BrandA
1210,Product_1210,Clothing,1800,BrandC
1211,Product_1211,Electronics,4807,BrandB
1212,Product_1212,Grocery,2017,BrandA
1213,Product_1213,Sports,4138,BrandA
1214,Product_1214,Electronics,4228,BrandA
1215,Product_1215,Grocery,2996,BrandB
1216,Product_1216,Clothing,1499,BrandC
1217,Product_1217,Clothing,2381,BrandA
1218,Product_1218,Electronics,2270,BrandC
1219,Product_1219,Grocery,3839,BrandC
1220,Product_1220,Electronics,2860,BrandB
1221,Product_1221,Electronics,4778,BrandA
1222,Product_1222,Grocery,1581,BrandC
1223,Product_1223,Grocery,4932,BrandA
1224,Product_1224,Sports,3040,BrandA
1225,Product_1225,Grocery,4543,BrandB
1226,Product_1226,Clothing,1193,BrandA
1227,Product_1227,Electronics,983,BrandA
1228,Product_1228,Electronics,1510,BrandC
1229,Product_1229,Clothing,2773,BrandB
1230,Product_1230,Grocery,2562,BrandA
1231,Product_1231,Clothing,335,BrandC
1232,Product_1232,Clothing,314,BrandB
1233,Product_1233,Sports,2417,BrandB
1234,Product_1234,Clothing,3497,BrandC
1235,Product_1235,Electronics,4966,BrandC
1236,Product_1236,Clothing,1812,BrandC
1237,Product_1237,Electronics,3098,BrandC
1238,Product_1238,Electronics,2431,BrandC
1239,Product_1239,Electronics,2319,BrandA
1240,Product_1240,Grocery,90,BrandA
1241,Product_1241,Sports,117,BrandB
1242,Product_1242,Electronics,1037,BrandA
1243,Product_1243,Electronics,4058,BrandA
1244,Product_1244,Grocery,3248,BrandA
1245,Product_1245,Electronics,4840,BrandC
1246,Product_1246,Clothing,2574,BrandB
1247,Product_1247,Clothing,1135,BrandB
1248,Product_1248,Sports,2529,BrandB
1249,Product_1249,Electronics,1743,BrandB
1250,Product_1250,Grocery,2365,BrandA
1251,Product_1251,Clothing,828,BrandA
1252,Product_1252,Grocery,4639,BrandC
1253,Product_1253,Grocery,1635,BrandB
1254,Product_1254,Clothing,1542,BrandA
1255,Product_1255,Grocery,710,BrandA
1256,Product_1256,Clothing,1398,BrandC
1257,Product_1257,Grocery,1349,BrandC
1258,Product_1258,Clothing,3990,BrandC
1259,Product_1259,Electronics,2036,BrandA
1260,Product_1260,Sports,2094,BrandA
1261,Product_1261,Clothing,3566,BrandC
1262,Product_1262,Clothing,1108,BrandB
1263,Product_1263,Sports,1026,BrandC
1264,Product_1264,Clothing,4627,BrandC
1265,Product_1265,Clothing,777,BrandC
1266,Product_1266,Grocery,2577,BrandC
1267,Product_1267,Sports,3186,BrandA
1268,Product_1268,Electronics,392,BrandB
1269,Product_1269,Clothing,1497,BrandC
1270,Product_1270,Sports,2429,BrandB
1271,Product_1271,Grocery,3709,BrandB
1272,Product_1272,Electronics,576,BrandB
1273,Product_1273,Sports,1946,BrandC
1274,Product_1274,Electronics,4804,BrandA
1275,Product_1275,Electronics,2123,BrandC
1276,Product_1276,Electronics,4965,BrandB
1277,Product_1277,Clothing,455,BrandB
1278,Product_1278,Clothing,1623,BrandA
1279,Product_1279,Grocery,4650,BrandC
1280,Product_1280,Grocery,3790,BrandB
1281,Product_1281,Sports,4324,BrandA
1282,Product_1282,Grocery,4277,BrandB
1283,Product_1283,Electronics,1896,BrandA
1284,Product_1284,Electronics,1528,BrandA
1285,Product_1285,Clothing,2445,BrandC
1286,Product_1286,Electronics,821,BrandB
1287,Product_1287,Sports,628,BrandC
1288,Product_1288,Electronics,2951,BrandB
1289,Product_1289,Electronics,243,BrandC
1290,Product_1290,Sports,2057,BrandB
1291,Product_1291,Grocery,1235,BrandC
1292,Product_1292,Grocery,2444,BrandA
1293,Product_1293,Sports,3048,BrandB
1294,Product_1294,Clothing,1842,BrandB
1295,Product_1295,Electronics,1160,BrandA
1296,Product_1296,Sports,4055,BrandC
1297,Product_1297,Electronics,2311,BrandB
1298,Product_1298,Clothing,3786,BrandB
1299,Product_1299,Electronics,3843,BrandC
1300,Product_1300,Sports,1986,BrandA
1301,Product_1301,Electronics,4925,BrandC
1302,Product_1302,Grocery,4407,BrandC
1303,Product_1303,Clothing,779,BrandC
1304,Product_1304,Clothing,4428,BrandB
1305,Product_1305,Clothing,3501,BrandA
1306,Product_1306,Sports,4507,BrandA
1307,Product_1307,Clothing,4586,BrandC
1308,Product_1308,Grocery,2190,BrandB
1309,Product_1309,Sports,1694,BrandC
1310,Product_1310,Grocery,2850,BrandB
1311,Product_1311,Electronics,191,BrandB
1312,Product_1312,Electronics,1505,BrandB
1313,Product_1313,Electronics,4846,BrandB
1314,Product_1314,Electronics,2146,BrandA
1315,Product_1315,Grocery,1375,BrandB
1316,Product_1316,Sports,1263,BrandB
1317,Product_1317,Sports,1209,BrandC
1318,Product_1318,Clothing,4700,BrandC
1319,Product_1319,Grocery,4549,BrandA
1320,Product_1320,Electronics,4747,BrandC
1321,Product_1321,Grocery,390,BrandB
1322,Product_1322,Clothing,3878,BrandC
1323,Product_1323,Clothing,2018,BrandA
1324,Product_1324,Grocery,753,BrandC
1325,Product_1325,Grocery,4463,BrandC
1326,Product_1326,Grocery,2479,BrandA
1327,Product_1327,Sports,1850,BrandA
1328,Product_1328,Electronics,4962,BrandB
1329,Product_1329,Grocery,4698,BrandC
1330,Product_1330,Grocery,905,BrandB
1331,Product_1331,Grocery,1862,BrandC
1332,Product_1332,Clothing,2916,BrandC
1333,Product_1333,Clothing,3692,BrandB
1334,Product_1334,Sports,232,BrandC
1335,Product_1335,Electronics,3162,BrandC
1336,Product_1336,Sports,4542,BrandC
1337,Product_1337,Electronics,1567,BrandA
1338,Product_1338,Clothing,1406,BrandB
1339,Product_1339,Clothing,2224,BrandA
1340,Product_1340,Clothing,3679,BrandB
1341,Product_1341,Sports,3678,BrandB
1342,Product_1342,Grocery,4146,BrandC
1343,Product_1343,Grocery,3289,BrandB
1344,Product_1344,Clothing,3741,BrandA
1345,Product_1345,Grocery,68,BrandA
1346,Product_1346,Grocery,3453,BrandA
1347,Product_1347,Sports,4729,BrandB
1348,Product_1348,Electronics,4601,BrandA
1349,Product_1349,Clothing,3054,BrandB
1350,Product_1350,Clothing,1182,BrandA
1351,Product_1351,Sports,3389,BrandA
1352,Product_1352,Sports,3361,BrandB
1353,Product_1353,Grocery,3422,BrandA
1354,Product_1354,Clothing,1037,BrandC
1355,Product_1355,Electronics,3371,BrandB
1356,Product_1356,Sports,4665,BrandB
1357,Product_1357,Electronics,223,BrandB
1358,Product_1358,Electronics,3791,BrandC
1359,Product_1359,Clothing,3102,BrandB
1360,Product_1360,Clothing,776,BrandA
1361,Product_1361,Sports,3810,BrandA
1362,Product_1362,Clothing,1925,BrandA
1363,Product_1363,Clothing,4083,BrandB
1364,Product_1364,Clothing,1039,BrandA
1365,Product_1365,Electronics,3794,BrandB
1366,Product_1366,Sports,2736,BrandA
1367,Product_1367,Grocery,469,BrandC
1368,Product_1368,Electronics,643,BrandC
1369,Product_1369,Clothing,1824,BrandC
1370,Product_1370,Electronics,2509,BrandC
1371,Product_1371,Clothing,985,BrandB
1372,Product_1372,Clothing,3858,BrandA
1373,Product_1373,Electronics,381,BrandC
1374,Product_1374,Sports,3499,BrandB
1375,Product_1375,Clothing,2752,BrandC
1376,Product_1376,Sports,4056,BrandC
1377,Product_1377,Grocery,3918,BrandB
1378,Product_1378,Clothing,4250,BrandB
1379,Product_1379,Sports,251,BrandA
1380,Product_1380,Sports,2547,BrandA
1381,Product_1381,Grocery,1892,BrandC
1382,Product_1382,Sports,1916,BrandC
1383,Product_1383,Sports,2046,BrandA
1384,Product_1384,Grocery,959,BrandA
1385,Product_1385,Clothing,4355,BrandB
1386,Product_1386,Sports,4708,BrandA
1387,Product_1387,Sports,3239,BrandA
1388,Product_1388,Sports,820,BrandC
1389,Product_1389,Electronics,3205,BrandA
1390,Product_1390,Grocery,2551,BrandC
1391,Product_1391,Electronics,2764,BrandA
1392,Product_1392,Grocery,4774,BrandB
1393,Product_1393,Clothing,3635,BrandA
1394,Product_1394,Clothing,1678,BrandA
1395,Product_1395,Sports,436,BrandA
1396,Product_1396,Grocery,3471,BrandC
1397,Product_1397,Clothing,4058,BrandB
1398,Product_1398,Grocery,4143,BrandA
1399,Product_1399,Clothing,4413,BrandC
1400,Product_1400,Electronics,2516,BrandB
1401,Product_1401,Clothing,2332,BrandC
1402,Product_1402,Electronics,1906,BrandC
1403,Product_1403,Clothing,2048,BrandB
1404,Product_1404,Sports,1286,BrandA
1405,Product_1405,Electronics,4719,BrandC
1406,Product_1406,Clothing,4194,BrandC
1407,Product_1407,Sports,1200,BrandA
1408,Product_1408,Electronics,4368,BrandA
1409,Product_1409,Sports,1481,BrandB
1410,Product_1410,Grocery,1869,BrandB
1411,Product_1411,Grocery,2374,BrandB
1412,Product_1412,Electronics,1180,BrandA
1413,Product_1413,Clothing,2708,BrandC
1414,Product_1414,Electronics,3550,BrandC
1415,Product_1415,Sports,424,BrandB
1416,Product_1416,Clothing,2170,BrandA
1417,Product_1417,Grocery,4070,BrandC
1418,Product_1418,Clothing,2071,BrandB
1419,Product_1419,Grocery,3755,BrandC
1420,Product_1420,Clothing,3309,BrandC
1421,Product_1421,Clothing,3485,BrandA
1422,Product_1422,Clothing,1939,BrandA
1423,Product_1423,Sports,1873,BrandC
1424,Product_1424,Sports,1524,BrandB
1425,Product_1425,Electronics,2292,BrandA
1426,Product_1426,Electronics,3293,BrandC
1427,Product_1427,Grocery,3184,BrandA
1428,Product_1428,Sports,2120,BrandA
1429,Product_1429,Grocery,409,BrandA
1430,Product_1430,Electronics,2091,BrandC
1431,Product_1431,Grocery,1191,BrandB
1432,Product_1432,Electronics,1685,BrandB
1433,Product_1433,Sports,4050,BrandB
1434,Product_1434,Clothing,1993,BrandA
1435,Product_1435,Sports,4824,BrandC
1436,Product_1436,Grocery,3411,BrandA
1437,Product_1437,Grocery,3030,BrandB
1438,Product_1438,Sports,56,BrandB
1439,Product_1439,Sports,3317,BrandC
1440,Product_1440,Electronics,1641,BrandA
1441,Product_1441,Grocery,4978,BrandB
1442,Product_1442,Grocery,3314,BrandC
1443,Product_1443,Sports,2656,BrandA
1444,Product_1444,Clothing,3269,BrandA
1445,Product_1445,Grocery,3323,BrandB
1446,Product_1446,Clothing,963,BrandB
1447,Product_1447,Sports,2061,BrandA
1448,Product_1448,Sports,1492,BrandA
1449,Product_1449,Electronics,3104,BrandB
1450,Product_1450,Grocery,3596,BrandA
1451,Product_1451,Clothing,4271,BrandB
1452,Product_1452,Electronics,4962,BrandA
1453,Product_1453,Grocery,2978,BrandB
1454,Product_1454,Electronics,1879,BrandC
1455,Product_1455,Sports,625,BrandB
1456,Product_1456,Grocery,979,BrandB
1457,Product_1457,Electronics,3809,BrandC
1458,Product_1458,Electronics,3749,BrandA
1459,Product_1459,Clothing,1513,BrandC
1460,Product_1460,Electronics,3325,BrandB
1461,Product_1461,Grocery,4978,BrandA
1462,Product_1462,Grocery,1104,BrandC
1463,Product_1463,Clothing,1950,BrandA
1464,Product_1464,Grocery,1507,BrandA
1465,Product_1465,Sports,1449,BrandC
1466,Product_1466,Grocery,3465,BrandA
1467,Product_1467,Grocery,492,BrandC
1468,Product_1468,Electronics,3700,BrandB
1469,Product_1469,Electronics,4702,BrandA
1470,Product_1470,Grocery,1228,BrandB
1471,Product_1471,Clothing,4508,BrandB
1472,Product_1472,Electronics,1307,BrandA
1473,Product_1473,Clothing,3684,BrandC
1474,Product_1474,Grocery,1891,BrandA
1475,Product_1475,Grocery,2359,BrandB
1476,Product_1476,Sports,960,BrandB
1477,Product_1477,Electronics,4390,BrandC
1478,Product_1478,Grocery,4687,BrandA
1479,Product_1479,Sports,4059,BrandB
1480,Product_1480,Electronics,2219,BrandB
1481,Product_1481,Grocery,2222,BrandB
1482,Product_1482,Grocery,173,BrandC
1483,Product_1483,Electronics,3208,BrandB
1484,Product_1484,Electronics,835,BrandB
1485,Product_1485,Electronics,2466,BrandA
1486,Product_1486,Grocery,846,BrandA
1487,Product_1487,Grocery,4222,BrandB
1488,Product_1488,Sports,4204,BrandB
1489,Product_1489,Clothing,1986,BrandA
1490,Product_1490,Electronics,2206,BrandC
1491,Product_1491,Grocery,3857,BrandC
1492,Product_1492,Grocery,1351,BrandC
1493,Product_1493,Electronics,4213,BrandC
1494,Product_1494,Clothing,3190,BrandC
1495,Product_1495,Electronics,3286,BrandC
1496,Product_1496,Clothing,2402,BrandC
1497,Product_1497,Grocery,1982,BrandC
1498,Product_1498,Clothing,2771,BrandA
1499,Product_1499,Sports,414,BrandC
1500,Product_1500,Grocery,4966,BrandC
1501,Product_1501,Sports,2440,BrandC
1502,Product_1502,Electronics,996,BrandB
1503,Product_1503,Electronics,1427,BrandA
1504,Product_1504,Electronics,1489,BrandA
1505,Product_1505,Clothing,3230,BrandA
1506,Product_1506,Grocery,4907,BrandC
1507,Product_1507,Electronics,390,BrandC
1508,Product_1508,Electronics,3039,BrandB
1509,Product_1509,Grocery,432,BrandA
1510,Product_1510,Electronics,1606,BrandC
1511,Product_1511,Sports,349,BrandA
1512,Product_1512,Grocery,188,BrandB
1513,Product_1513,Grocery,408,BrandB
1514,Product_1514,Grocery,4981,BrandB
1515,Product_1515,Sports,1572,BrandA
1516,Product_1516,Grocery,3506,BrandC
1517,Product_1517,Sports,1677,BrandC
1518,Product_1518,Grocery,1353,BrandB
1519,Product_1519,Clothing,1184,BrandC
1520,Product_1520,Electronics,2236,BrandB
1521,Product_1521,Clothing,3220,BrandA
1522,Product_1522,Electronics,3885,BrandB
1523,Product_1523,Sports,2201,BrandA
1524,Product_1524,Clothing,1287,BrandB
1525,Product_1525,Grocery,3785,BrandC
1526,Product_1526,Electronics,2884,BrandC
1527,Product_1527,Electronics,4310,BrandB
1528,Product_1528,Clothing,1048,BrandC
1529,Product_1529,Sports,2617,BrandC
1530,Product_1530,Clothing,1357,BrandC
1531,Product_1531,Sports,706,BrandA
1532,Product_1532,Sports,2710,BrandC
1533,Product_1533,Electronics,2261,BrandA
1534,Product_1534,Clothing,1959,BrandB
1535,Product_1535,Clothing,3780,BrandC
1536,Product_1536,Sports,2096,BrandC
1537,Product_1537,Clothing,3212,BrandC
1538,Product_1538,Grocery,1190,BrandB
1539,Product_1539,Grocery,316,BrandA
1540,Product_1540,Clothing,1895,BrandA
1541,Product_1541,Clothing,1758,BrandC
1542,Product_1542,Sports,3680,BrandB
1543,Product_1543,Grocery,3261,BrandB
1544,Product_1544,Grocery,2343,BrandB
1545,Product_1545,Electronics,3782,BrandB
1546,Product_1546,Sports,3879,BrandB
1547,Product_1547,Electronics,1560,BrandA
1548,Product_1548,Grocery,525,BrandA
1549,Product_1549,Sports,1026,BrandA
1550,Product_1550,Clothing,1257,BrandC
1551,Product_1551,Sports,2010,BrandB
1552,Product_1552,Clothing,607,BrandC
1553,Product_1553,Clothing,932,BrandB
1554,Product_1554,Sports,2244,BrandA
1555,Product_1555,Clothing,4811,BrandC
1556,Product_1556,Electronics,2717,BrandA
1557,Product_1557,Grocery,4727,BrandB
1558,Product_1558,Clothing,4840,BrandB
1559,Product_1559,Electronics,1660,BrandB
1560,Product_1560,Clothing,3538,BrandA
1561,Product_1561,Grocery,2504,BrandB
1562,Product_1562,Electronics,4544,BrandA
1563,Product_1563,Grocery,1996,BrandC
1564,Product_1564,Grocery,4860,BrandB
1565,Product_1565,Electronics,4849,BrandB
1566,Product_1566,Electronics,2858,BrandB
1567,Product_1567,Electronics,3875,BrandC
1568,Product_1568,Sports,3586,BrandB
1569,Product_1569,Electronics,3852,BrandA
1570,Product_1570,Electronics,4227,BrandA
1571,Product_1571,Electronics,4749,BrandB
1572,Product_1572,Electronics,2020,BrandB
1573,Product_1573,Clothing,3872,BrandC
1574,Product_1574,Sports,2869,BrandC
1575,Product_1575,Grocery,952,BrandC
1576,Product_1576,Electronics,414,BrandB
1577,Product_1577,Clothing,4308,BrandC
1578,Product_1578,Clothing,3169,BrandC
1579,Product_1579,Clothing,2608,BrandA
1580,Product_1580,Grocery,1913,BrandC
1581,Product_1581,Electronics,165,BrandA
1582,Product_1582,Sports,2434,BrandA
1583,Product_1583,Sports,3985,BrandC
1584,Product_1584,Clothing,4985,BrandA
1585,Product_1585,Grocery,2540,BrandB
1586,Product_1586,Grocery,992,BrandB
1587,Product_1587,Grocery,1774,BrandC
1588,Product_1588,Sports,2384,BrandB
1589,Product_1589,Clothing,2817,BrandA
1590,Product_1590,Electronics,1187,BrandB
1591,Product_1591,Sports,2577,BrandC
1592,Product_1592,Clothing,4167,BrandC
1593,Product_1593,Clothing,3470,BrandA
1594,Product_1594,Electronics,4828,BrandC
1595,Product_1595,Electronics,3956,BrandB
1596,Product_1596,Electronics,3687,BrandC
1597,Product_1597,Grocery,3003,BrandA
1598,Product_1598,Electronics,2417,BrandC
1599,Product_1599,Clothing,4271,BrandB
1600,Product_1600,Electronics,326,BrandA
1601,Product_1601,Clothing,2049,BrandB
1602,Product_1602,Sports,1277,BrandA
1603,Product_1603,Grocery,3802,BrandC
1604,Product_1604,Sports,3785,BrandA
1605,Product_1605,Sports,745,BrandA
1606,Product_1606,Clothing,1359,BrandC
1607,Product_1607,Sports,4202,BrandB
1608,Product_1608,Clothing,3284,BrandC
1609,Product_1609,Electronics,4164,BrandA
1610,Product_1610,Electronics,2361,BrandC
1611,Product_1611,Clothing,2891,BrandA
1612,Product_1612,Electronics,4258,BrandC
1613,Product_1613,Grocery,3609,BrandC
1614,Product_1614,Sports,3448,BrandB
1615,Product_1615,Grocery,591,BrandA
1616,Product_1616,Sports,2744,BrandB
1617,Product_1617,Electronics,4724,BrandA
1618,Product_1618,Grocery,1138,BrandC
1619,Product_1619,Electronics,3413,BrandA
1620,Product_1620,Sports,74,BrandB
1621,Product_1621,Clothing,1622,BrandB
1622,Product_1622,Clothing,3008,BrandB
1623,Product_1623,Grocery,4286,BrandA
1624,Product_1624,Electronics,1817,BrandB
1625,Product_1625,Electronics,4793,BrandB
1626,Product_1626,Grocery,2285,BrandB
1627,Product_1627,Clothing,250,BrandC
1628,Product_1628,Sports,3248,BrandC
1629,Product_1629,Grocery,306,BrandA
1630,Product_1630,Sports,3797,BrandA
1631,Product_1631,Clothing,4692,BrandB
1632,Product_1632,Electronics,2291,BrandC
1633,Product_1633,Clothing,3225,BrandB
1634,Product_1634,Grocery,3656,BrandB
1635,Product_1635,Electronics,3386,BrandC
1636,Product_1636,Grocery,4947,BrandC
1637,Product_1637,Grocery,463,BrandC
1638,Product_1638,Clothing,2064,BrandA
1639,Product_1639,Grocery,1431,BrandA
1640,Product_1640,Clothing,1148,BrandB
1641,Product_1641,Electronics,3476,BrandA
1642,Product_1642,Clothing,3705,BrandC
1643,Product_1643,Electronics,959,BrandC
1644,Product_1644,Clothing,237,BrandA
1645,Product_1645,Sports,4094,BrandB
1646,Product_1646,Sports,3806,BrandB
1647,Product_1647,Grocery,2065,BrandA
1648,Product_1648,Clothing,2142,BrandB
1649,Product_1649,Clothing,3694,BrandB
1650,Product_1650,Electronics,2180,BrandB
1651,Product_1651,Grocery,407,BrandC
1652,Product_1652,Clothing,2472,BrandC
1653,Product_1653,Grocery,4307,BrandA
1654,Product_1654,Sports,4595,BrandC
1655,Product_1655,Clothing,1547,BrandB
1656,Product_1656,Clothing,2208,BrandC
1657,Product_1657,Grocery,2605,BrandA
1658,Product_1658,Clothing,2392,BrandC
1659,Product_1659,Grocery,3001,BrandB
1660,Product_1660,Clothing,1288,BrandB
1661,Product_1661,Electronics,1023,BrandA
1662,Product_1662,Grocery,4777,BrandC
1663,Product_1663,Clothing,4015,BrandC
1664,Product_1664,Sports,1100,BrandC
1665,Product_1665,Clothing,3751,BrandB
1666,Product_1666,Sports,2830,BrandA
1667,Product_1667,Sports,1638,BrandC
1668,Product_1668,Electronics,3928,BrandB
1669,Product_1669,Grocery,2418,BrandB
1670,Product_1670,Clothing,486,BrandB
1671,Product_1671,Electronics,2878,BrandC
1672,Product_1672,Clothing,1606,BrandC
1673,Product_1673,Sports,3908,BrandC
1674,Product_1674,Grocery,1354,BrandC
1675,Product_1675,Clothing,2434,BrandC
1676,Product_1676,Clothing,232,BrandC
1677,Product_1677,Sports,1639,BrandC
1678,Product_1678,Clothing,1637,BrandC
1679,Product_1679,Clothing,709,BrandC
1680,Product_1680,Sports,209,BrandB
1681,Product_1681,Electronics,4003,BrandC
1682,Product_1682,Sports,1061,BrandA
1683,Product_1683,Electronics,102,BrandB
1684,Product_1684,Grocery,2357,BrandC
1685,Product_1685,Electronics,1278,BrandA
1686,Product_1686,Electronics,1085,BrandC
1687,Product_1687,Grocery,3752,BrandA
1688,Product_1688,Electronics,4095,BrandA
1689,Product_1689,Sports,4995,BrandA
1690,Product_1690,Electronics,4499,BrandA
1691,Product_1691,Grocery,1314,BrandB
1692,Product_1692,Sports,1934,BrandB
1693,Product_1693,Grocery,1859,BrandA
1694,Product_1694,Grocery,3217,BrandC
1695,Product_1695,Clothing,3847,BrandA
1696,Product_1696,Clothing,2391,BrandB
1697,Product_1697,Grocery,3464,BrandC
1698,Product_1698,Grocery,867,BrandB
1699,Product_1699,Grocery,2487,BrandB
1700,Product_1700,Clothing,938,BrandC
1701,Product_1701,Clothing,717,BrandA
1702,Product_1702,Electronics,4778,BrandA
1703,Product_1703,Electronics,2674,BrandA
1704,Product_1704,Grocery,4282,BrandA
1705,Product_1705,Sports,4573,BrandC
1706,Product_1706,Sports,868,BrandC
1707,Product_1707,Clothing,2238,BrandC
1708,Product_1708,Clothing,1156,BrandB
1709,Product_1709,Clothing,2274,BrandC
1710,Product_1710,Grocery,247,BrandA
1711,Product_1711,Sports,2721,BrandB
1712,Product_1712,Electronics,3542,BrandA
1713,Product_1713,Grocery,2498,BrandA
1714,Product_1714,Electronics,520,BrandC
1715,Product_1715,Electronics,1998,BrandC
1716,Product_1716,Grocery,3949,BrandA
1717,Product_1717,Electronics,2060,BrandA
1718,Product_1718,Sports,3850,BrandB
1719,Product_1719,Electronics,4168,BrandC
1720,Product_1720,Sports,3846,BrandB
1721,Product_1721,Sports,4038,BrandB
1722,Product_1722,Sports,284,BrandB
1723,Product_1723,Clothing,978,BrandA
1724,Product_1724,Electronics,3657,BrandB
1725,Product_1725,Grocery,572,BrandB
1726,Product_1726,Grocery,3573,BrandA
1727,Product_1727,Electronics,4576,BrandC
1728,Product_1728,Clothing,4938,BrandC
1729,Product_1729,Clothing,1679,BrandB
1730,Product_1730,Sports,4678,BrandA
1731,Product_1731,Electronics,1366,BrandC
1732,Product_1732,Electronics,2907,BrandB
1733,Product_1733,Grocery,1174,BrandB
1734,Product_1734,Electronics,2637,BrandA
1735,Product_1735,Clothing,1073,BrandB
1736,Product_1736,Electronics,1428,BrandC
1737,Product_1737,Grocery,3424,BrandA
1738,Product_1738,Sports,1569,BrandC
1739,Product_1739,Grocery,276,BrandC
1740,Product_1740,Grocery,941,BrandC
1741,Product_1741,Sports,4122,BrandB
1742,Product_1742,Grocery,2307,BrandB
1743,Product_1743,Grocery,2838,BrandC
1744,Product_1744,Electronics,446,BrandC
1745,Product_1745,Electronics,2128,BrandA
1746,Product_1746,Sports,4794,BrandA
1747,Product_1747,Electronics,4474,BrandB
1748,Product_1748,Electronics,3287,BrandB
1749,Product_1749,Grocery,3943,BrandA
1750,Product_1750,Clothing,2055,BrandC
1751,Product_1751,Electronics,2066,BrandB
1752,Product_1752,Clothing,3221,BrandC
1753,Product_1753,Electronics,2718,BrandA
1754,Product_1754,Electronics,1928,BrandB
1755,Product_1755,Sports,1246,BrandB
1756,Product_1756,Sports,1822,BrandA
1757,Product_1757,Sports,211,BrandB
1758,Product_1758,Clothing,4026,BrandA
1759,Product_1759,Grocery,1801,BrandB
1760,Product_1760,Electronics,825,BrandA
1761,Product_1761,Electronics,989,BrandB
1762,Product_1762,Electronics,3270,BrandC
1763,Product_1763,Clothing,589,BrandC
1764,Product_1764,Sports,4967,BrandC
1765,Product_1765,Grocery,1511,BrandB
1766,Product_1766,Clothing,405,BrandB
1767,Product_1767,Sports,3654,BrandC
1768,Product_1768,Clothing,3373,BrandC
1769,Product_1769,Grocery,284,BrandA
1770,Product_1770,Sports,1598,BrandA
1771,Product_1771,Clothing,2146,BrandA
1772,Product_1772,Grocery,4263,BrandC
1773,Product_1773,Electronics,2151,BrandC
1774,Product_1774,Grocery,1723,BrandC
1775,Product_1775,Electronics,2150,BrandA
1776,Product_1776,Clothing,3707,BrandB
1777,Product_1777,Sports,4703,BrandC
1778,Product_1778,Sports,3646,BrandB
1779,Product_1779,Clothing,3798,BrandB
1780,Product_1780,Sports,3223,BrandB
1781,Product_1781,Sports,1865,BrandA
1782,Product_1782,Electronics,3891,BrandB
1783,Product_1783,Clothing,2055,BrandC
1784,Product_1784,Grocery,4543,BrandA
1785,Product_1785,Electronics,724,BrandC
1786,Product_1786,Clothing,436,BrandC
1787,Product_1787,Electronics,2208,BrandA
1788,Product_1788,Grocery,2711,BrandC
1789,Product_1789,Grocery,2114,BrandC
1790,Product_1790,Clothing,3901,BrandA
1791,Product_1791,Grocery,3303,BrandC
1792,Product_1792,Electronics,4686,BrandB
1793,Product_1793,Grocery,4316,BrandC
1794,Product_1794,Electronics,789,BrandB
1795,Product_1795,Electronics,1451,BrandC
1796,Product_1796,Grocery,3309,BrandA
1797,Product_1797,Clothing,2327,BrandA
1798,Product_1798,Sports,3954,BrandC
1799,Product_1799,Grocery,3973,BrandA
1800,Product_1800,Electronics,4264,BrandC
1801,Product_1801,Electronics,3277,BrandA
1802,Product_1802,Grocery,2881,BrandB
1803,Product_1803,Clothing,3808,BrandC
1804,Product_1804,Clothing,2562,BrandB
1805,Product_1805,Electronics,2201,BrandB
1806,Product_1806,Electronics,3725,BrandC
1807,Product_1807,Clothing,2795,BrandB
1808,Product_1808,Sports,3916,BrandC
1809,Product_1809,Grocery,3814,BrandB
1810,Product_1810,Electronics,2272,BrandC
1811,Product_1811,Electronics,2842,BrandC
1812,Product_1812,Clothing,1747,BrandA
1813,Product_1813,Grocery,3512,BrandC
1814,Product_1814,Clothing,4113,BrandC
1815,Product_1815,Grocery,1574,BrandB
1816,Product_1816,Grocery,4810,BrandC
1817,Product_1817,Grocery,82,BrandA
1818,Product_1818,Electronics,4075,BrandB
1819,Product_1819,Sports,2616,BrandB
1820,Product_1820,Clothing,2853,BrandA
1821,Product_1821,Sports,3946,BrandB
1822,Product_1822,Clothing,3759,BrandB
1823,Product_1823,Grocery,769,BrandB
1824,Product_1824,Electronics,4629,BrandB
1825,Product_1825,Sports,1022,BrandA
1826,Product_1826,Electronics,3768,BrandA
1827,Product_1827,Clothing,4452,BrandB
1828,Product_1828,Electronics,4602,BrandB
1829,Product_1829,Electronics,2257,BrandA
1830,Product_1830,Sports,4476,BrandA
1831,Product_1831,Grocery,4370,BrandA
1832,Product_1832,Electronics,3080,BrandB
1833,Product_1833,Grocery,3625,BrandB
1834,Product_1834,Clothing,3166,BrandC
1835,Product_1835,Electronics,3335,BrandA
1836,Product_1836,Sports,693,BrandB
1837,Product_1837,Clothing,4761,BrandA
1838,Product_1838,Clothing,244,BrandB
1839,Product_1839,Sports,4046,BrandA
1840,Product_1840,Electronics,538,BrandB
1841,Product_1841,Electronics,2254,BrandC
1842,Product_1842,Clothing,2707,BrandC
1843,Product_1843,Electronics,3326,BrandA
1844,Product_1844,Grocery,1152,BrandB
1845,Product_1845,Sports,1291,BrandB
1846,Product_1846,Grocery,565,BrandA
1847,Product_1847,Electronics,442,BrandB
1848,Product_1848,Clothing,680,BrandA
1849,Product_1849,Sports,3766,BrandB
1850,Product_1850,Electronics,1897,BrandA
1851,Product_1851,Electronics,2705,BrandB
1852,Product_1852,Clothing,1029,BrandA
1853,Product_1853,Clothing,4579,BrandB
1854,Product_1854,Grocery,3452,BrandC
1855,Product_1855,Sports,3921,BrandB
1856,Product_1856,Sports,327,BrandA
1857,Product_1857,Clothing,282,BrandC
1858,Product_1858,Grocery,1602,BrandB
1859,Product_1859,Sports,3320,BrandC
1860,Product_1860,Clothing,2459,BrandB
1861,Product_1861,Electronics,3562,BrandC
1862,Product_1862,Sports,75,BrandA
1863,Product_1863,Grocery,510,BrandB
1864,Product_1864,Grocery,3814,BrandB
1865,Product_1865,Grocery,3481,BrandA
1866,Product_1866,Electronics,3533,BrandC
1867,Product_1867,Sports,2044,BrandA
1868,Product_1868,Sports,540,BrandA
1869,Product_1869,Electronics,1122,BrandC
1870,Product_1870,Sports,3223,BrandA
1871,Product_1871,Electronics,265,BrandB
1872,Product_1872,Electronics,1773,BrandB
1873,Product_1873,Electronics,1642,BrandB
1874,Product_1874,Grocery,2656,BrandA
1875,Product_1875,Sports,208,BrandB
1876,Product_1876,Electronics,4831,BrandB
1877,Product_1877,Sports,3363,BrandB
1878,Product_1878,Grocery,2891,BrandB
1879,Product_1879,Electronics,1826,BrandB
1880,Product_1880,Clothing,2102,BrandB
1881,Product_1881,Grocery,2345,BrandA
1882,Product_1882,Clothing,1746,BrandB
1883,Product_1883,Sports,3043,BrandB
1884,Product_1884,Sports,2519,BrandC
1885,Product_1885,Grocery,1996,BrandA
1886,Product_1886,Sports,3859,BrandA
1887,Product_1887,Clothing,2833,BrandA
1888,Product_1888,Electronics,3694,BrandA
1889,Product_1889,Electronics,2550,BrandB
1890,Product_1890,Electronics,3695,BrandB
1891,Product_1891,Grocery,2695,BrandC
1892,Product_1892,Sports,2399,BrandC
1893,Product_1893,Clothing,1982,BrandA
1894,Product_1894,Sports,3344,BrandC
1895,Product_1895,Sports,1807,BrandC
1896,Product_1896,Sports,1166,BrandA
1897,Product_1897,Electronics,2617,BrandA
1898,Product_1898,Clothing,3549,BrandC
1899,Product_1899,Clothing,542,BrandB
1900,Product_1900,Sports,3356,BrandC
1901,Product_1901,Electronics,669,BrandC
1902,Product_1902,Electronics,3282,BrandB
1903,Product_1903,Clothing,3873,BrandB
1904,Product_1904,Electronics,2430,BrandA
1905,Product_1905,Electronics,1596,BrandA
1906,Product_1906,Electronics,3613,BrandC
1907,Product_1907,Grocery,1655,BrandB
1908,Product_1908,Sports,3802,BrandA
1909,Product_1909,Clothing,4725,BrandC
1910,Product_1910,Clothing,1940,BrandB
1911,Product_1911,Grocery,1325,BrandC
1912,Product_1912,Sports,2793,BrandA
1913,Product_1913,Clothing,2543,BrandA
1914,Product_1914,Electronics,406,BrandB
1915,Product_1915,Clothing,919,BrandC
1916,Product_1916,Electronics,935,BrandB
1917,Product_1917,Grocery,2051,BrandA
1918,Product_1918,Electronics,1333,BrandA
1919,Product_1919,Clothing,669,BrandC
1920,Product_1920,Clothing,932,BrandC
1921,Product_1921,Clothing,846,BrandC
1922,Product_1922,Grocery,3692,BrandB
1923,Product_1923,Grocery,3475,BrandC
1924,Product_1924,Sports,1346,BrandC
1925,Product_1925,Clothing,4764,BrandA
1926,Product_1926,Electronics,294,BrandA
1927,Product_1927,Grocery,2945,BrandC
1928,Product_1928,Clothing,979,BrandC
1929,Product_1929,Clothing,569,BrandA
1930,Product_1930,Grocery,3262,BrandC
1931,Product_1931,Sports,2459,BrandB
1932,Product_1932,Grocery,57,BrandB
1933,Product_1933,Grocery,2575,BrandB
1934,Product_1934,Electronics,3473,BrandC
1935,Product_1935,Electronics,2069,BrandA
1936,Product_1936,Sports,4640,BrandC
1937,Product_1937,Clothing,4332,BrandC
1938,Product_1938,Grocery,3717,BrandA
1939,Product_1939,Sports,3721,BrandA
1940,Product_1940,Electronics,2851,BrandA
1941,Product_1941,Grocery,135,BrandB
1942,Product_1942,Clothing,3165,BrandC
1943,Product_1943,Electronics,4282,BrandA
1944,Product_1944,Electronics,2518,BrandC
1945,Product_1945,Electronics,3669,BrandB
1946,Product_1946,Sports,1686,BrandB
1947,Product_1947,Clothing,3633,BrandA
1948,Product_1948,Grocery,4059,BrandA
1949,Product_1949,Sports,3376,BrandC
1950,Product_1950,Sports,2268,BrandA
1951,Product_1951,Sports,2267,BrandC
1952,Product_1952,Electronics,2419,BrandA
1953,Product_1953,Clothing,3688,BrandC
1954,Product_1954,Sports,2553,BrandC
1955,Product_1955,Grocery,993,BrandC
1956,Product_1956,Clothing,2887,BrandC
1957,Product_1957,Grocery,2710,BrandB
1958,Product_1958,Clothing,2986,BrandC
1959,Product_1959,Grocery,4494,BrandA
1960,Product_1960,Electronics,3997,BrandB
1961,Product_1961,Sports,1726,BrandB
1962,Product_1962,Grocery,1246,BrandC
1963,Product_1963,Clothing,4155,BrandB
1964,Product_1964,Sports,2837,BrandC
1965,Product_1965,Sports,1511,BrandA
1966,Product_1966,Clothing,3368,BrandC
1967,Product_1967,Grocery,716,BrandB
1968,Product_1968,Electronics,2226,BrandA
1969,Product_1969,Electronics,3793,BrandC
1970,Product_1970,Grocery,650,BrandA
1971,Product_1971,Sports,2702,BrandA
1972,Product_1972,Sports,4472,BrandB
1973,Product_1973,Sports,3874,BrandA
1974,Product_1974,Sports,3956,BrandB
1975,Product_1975,Grocery,1029,BrandA
1976,Product_1976,Sports,2501,BrandC
1977,Product_1977,Clothing,678,BrandA
1978,Product_1978,Sports,1679,BrandC
1979,Product_1979,Electronics,3746,BrandC
1980,Product_1980,Sports,3480,BrandA
1981,Product_1981,Grocery,3724,BrandC
1982,Product_1982,Electronics,3979,BrandA
1983,Product_1983,Grocery,2815,BrandA
1984,Product_1984,Grocery,4419,BrandC
1985,Product_1985,Electronics,4830,BrandC
1986,Product_1986,Grocery,165,BrandB
1987,Product_1987,Grocery,2053,BrandC
1988,Product_1988,Sports,742,BrandB
1989,Product_1989,Clothing,3212,BrandC
1990,Product_1990,Grocery,1155,BrandA
1991,Product_1991,Grocery,3058,BrandC
1992,Product_1992,Grocery,2211,BrandA
1993,Product_1993,Sports,203,BrandA
1994,Product_1994,Clothing,3749,BrandA
1995,Product_1995,Electronics,4460,BrandB
1996,Product_1996,Sports,3836,BrandC
1997,Product_1997,Sports,1114,BrandA
1998,Product_1998,Clothing,4250,BrandA
1999,Product_1999,Clothing,1963,BrandB
2000,Product_2000,Sports,1266,BrandC
